lag,average_attention_weight
glucose_lag_12,0.0009523474
glucose_lag_11,0.00045005942
glucose_lag_10,0.00059404434
glucose_lag_9,0.0008839899
glucose_lag_8,0.0011507897
glucose_lag_7,0.0017754816
glucose_lag_6,0.0038311493
glucose_lag_5,0.009951069
glucose_lag_4,0.027480906
glucose_lag_3,0.07775008
glucose_lag_2,0.22282685
glucose_lag_1,0.65235424
