lag,average_attention_weight
glucose_lag_12,0.0014813981
glucose_lag_11,0.0009114848
glucose_lag_10,0.00079545466
glucose_lag_9,0.0008235787
glucose_lag_8,0.0009418211
glucose_lag_7,0.0019401684
glucose_lag_6,0.0043224255
glucose_lag_5,0.010158934
glucose_lag_4,0.026536457
glucose_lag_3,0.07585714
glucose_lag_2,0.22087756
glucose_lag_1,0.65535533
