lag,average_attention_weight
glucose_lag_12,0.0010452033
glucose_lag_11,0.0006389159
glucose_lag_10,0.0003942038
glucose_lag_9,0.00036240357
glucose_lag_8,0.0007238238
glucose_lag_7,0.0015757594
glucose_lag_6,0.0034271039
glucose_lag_5,0.0082072625
glucose_lag_4,0.023765912
glucose_lag_3,0.07417088
glucose_lag_2,0.22444683
glucose_lag_1,0.66123897
